{
  "type": "minecraft:gift",
  "pools": [
    {
      "bonus_rolls": 0.0,
      "entries": [
        {
          "type": "minecraft:item",
          "name": "minecraft:suspicious_sand",
          "functions":[
            {
            "function":"minecraft:set_nbt",
            "tag": "{BlockEntityTag: {LootTable: \"minecraft:archaeology/desert_pyramid\", LootTableSeed: 0L}}"
          } 
        ]
        },
        {
          "type": "minecraft:empty"
        }
      ],
      "rolls": 1.0,
      "conditions": [
        {
          "condition": "minecraft:location_check",
          "predicate": {
            "structure": "minecraft:desert_pyramid"
          }
        }
      ]
    },
    {
      "bonus_rolls": 0.0,
      "entries": [
        {
          "type": "minecraft:item",
          "name": "minecraft:suspicious_gravel",
          "weight": 25,
          "functions":[
            {
            "function":"minecraft:set_nbt",
            "tag": "{BlockEntityTag: {LootTable: \"minecraft:archaeology/trail_ruins_rare\", LootTableSeed: 0L}}"
          } 
        ]
        },
        {
          "type": "minecraft:item",
          "name": "minecraft:suspicious_gravel",
          "weight": 25,
          "functions": [
            {
            "function":"minecraft:set_nbt",
            "tag": "{BlockEntityTag: {LootTable: \"minecraft:archaeology/trail_ruins_common\", LootTableSeed: 0L}}"
          }
        ]
        },
        {
          "type": "minecraft:empty",
          "weight": 50
        }
      ],
      "rolls": 1.0,
      "conditions": [
        {
          "condition": "minecraft:any_of",
          "terms": [
            {
          "condition": "minecraft:location_check",
          "predicate": {
            "biome": "minecraft:jungle"
            }
          },
          {
          "condition": "minecraft:location_check",
          "predicate": {
            "biome":  "minecraft:forest"
            }
          },
          {
          "condition": "minecraft:location_check",
          "predicate": {
              "biome": "minecraft:birch_forest"
            }
          },
          {
          "condition": "minecraft:location_check",
          "predicate": {
              "biome": "minecraft:swamp"
            }
          },
          {
          "condition": "minecraft:location_check",
          "predicate": {
              "biome":  "minecraft:dark_forest"
            }
          },
          { 
          "condition": "minecraft:location_check",
          "predicate": {
              "biome": "minecraft:old_growth_pine_taiga"
            }
          },
          { 
          "condition": "minecraft:location_check",
          "predicate": {
              "biome": "minecraft:taiga"
            }
          }
              ]
            }
          ]
          },
        {
          "bonus_rolls": 0.0,
          "rolls": 1.0,
          "entries": [
            {
              "type": "minecraft:item",
              "name": "minecraft:suspicious_gravel",
              "functions":[
                {
                "function":"minecraft:set_nbt",
                "tag": "{BlockEntityTag: {LootTable: \"minecraft:archaeology/ocean_ruin_cold\", LootTableSeed: 0L}}"
              } 
            ]
            },
            {
              "type": "minecraft:empty"
            }
          ],
            "conditions": [
              {
                "condition": "minecraft:any_of",
                "terms": [
              {
                "condition": "minecraft:location_check",
                "predicate":{
                  "biome": "minecraft:frozen_ocean"
                }
              },
              {
                "condition": "minecraft:location_check",
                "predicate":{
                  "biome": "minecraft:cold_ocean"
                }
              }
                  ]
              }
            ]
      },
                {
          "bonus_rolls": 0.0,
          "rolls": 1.0,
          "entries": [
            {
              "type": "minecraft:item",
              "name": "minecraft:suspicious_gravel",
              "functions":[
                {
                "function":"minecraft:set_nbt",
                "tag": "{BlockEntityTag: {LootTable: \"minecraft:archaeology/ocean_ruin_warm\", LootTableSeed: 0L}}"
              } 
            ]
            },
            {
              "type": "minecraft:empty"
            }
          ],
            "conditions": [
              {
                "condition": "minecraft:any_of",
                "terms": [
              {
                "condition": "minecraft:location_check",
                "predicate":{
                  "biome": "minecraft:warm_ocean"
                }
              },
              {
                "condition": "minecraft:location_check",
                "predicate":{
                  "biome": "minecraft:lukewarm_ocean"
                }
              }
                  ]
              }
            ]
                },
        {
          "bonus_rolls": 0.0,
          "rolls": 1.0,
          "entries": [
            {
              "type": "minecraft:item",
              "name": "minecraft:suspicious_sand",
              "functions":[
                {
                "function":"minecraft:set_nbt",
                "tag": "{BlockEntityTag: {LootTable: \"minecraft:archaeology/desert_well\", LootTableSeed: 0L}}"
              } 
            ]
            },
            {
              "type": "minecraft:empty"
            }
          ],
            "conditions": [
              {
                "condition": "minecraft:any_of",
                "terms": [
              {
                "condition": "minecraft:location_check",
                "predicate":{
                  "biome": "minecraft:desert"
                }
              }
                  ]
              }
            ]
        },
        {
          "bonus_rolls": 0.0,
          "rolls": 1.0,
          "entries": [
            {
              "type": "minecraft:item",
              "name": "minecraft:suspicious_gravel",
              "functions":[
                {
                "function":"minecraft:set_nbt",
                "tag": "{BlockEntityTag: {LootTable: \"minecraft:archaeology/lush_caves\", LootTableSeed: 0L}}"
                } 
              ]
            },
            {
              "type": "minecraft:empty"
            }
          ],
            "conditions": [
              {
                "condition": "minecraft:any_of",
                "terms": [
              {
                "condition": "minecraft:location_check",
                "predicate":{
                  "biome": "minecraft:lush_caves"
                }
              }
                  ]
              }
            ]
        },
        {
          "bonus_rolls": 0.0,
          "rolls": 1.0,
          "entries": [
            {
              "type": "minecraft:item",
              "name": "minecraft:suspicious_gravel",
              "functions":[
                {
                "function":"minecraft:set_nbt",
                "tag": "{BlockEntityTag: {LootTable: \"minecraft:archaeology/deep_dark\", LootTableSeed: 0L}}"
                } 
              ]
            },
            {
              "type": "minecraft:empty"
            }
          ],
            "conditions": [
              {
                "condition": "minecraft:any_of",
                "terms": [
              {
                "condition": "minecraft:location_check",
                "predicate":{
                  "biome": "minecraft:deep_dark"
                }
              }
                  ]
              }
            ]
        },
        {
          "bonus_rolls": 0.0,
          "rolls": 1.0,
          "entries": [
            {
              "type": "minecraft:item",
              "name": "minecraft:suspicious_gravel",
              "functions":[
                {
                "function":"minecraft:set_nbt",
                "tag": "{BlockEntityTag: {LootTable: \"minecraft:archaeology/the_nether\", LootTableSeed: 0L}}"
                } 
              ]
            },
            {
              "type": "minecraft:empty"
            }
          ],
            "conditions": [
              {
                "condition": "minecraft:any_of",
                "terms": [
              {
                "condition": "minecraft:location_check",
                "predicate":{
                  "dimension": "minecraft:the_nether"
                }
              }
                  ]
              }
            ]
        },
        {
      "bonus_rolls": 0.0,
      "entries": [
        {
          "type": "minecraft:item",
          "name": "minecraft:torchflower_seeds"
        },
        {
          "type": "minecraft:item",
          "name": "minecraft:pitcher_pod"
        }
      ],
      "rolls": 1.0
    }
        
  ],
        "random_sequence": "minecraft:gameplay/sniffer_digging"
      }
        
