{
  "type": "minecraft:entity",
  "pools": [
    {
      "bonus_rolls": 0.0,
      "entries": [
        {
          "type": "minecraft:item",
          "name": "minecraft:sculk_catalyst"
        }
      ],
      "rolls": 1.0
    },
    {
      "bonus_rolls": 0.0,
      "conditions": [
        {
          "condition": "entity_properties",
          "entity": "killer",
          "predicate": {
            "type":"minecraft:creeper"
          }
        }
      ],
        "rolls": 1.0,
        "entries": [
          {
            "type": "minecraft:item",
            "name": "minecraft:music_disc_otherside"
          },
          {
            "type": "minecraft:empty"
          }
        ]
    },
    {
      "bonus_rolls": 0.0,
      "conditions": [
        {
          "condition": "minecraft:killed_by_player"
        },
        {
          "chance": 0.2,
          "condition": "minecraft:random_chance_with_looting",
          "looting_multiplier": 0.1
        }
      ],
        "rolls": 1.0,
        "entries": [
          {
            "type": "minecraft:item",
            "name": "minecraft:disc_fragment_5"
          }
        ]
    },
    {
      "bonus_rolls": 0.0,
      "entries": [
        {
          "type": "minecraft:item",
          "name": "minecraft:echo_shard",
          "functions": [
            {
              "function": "minecraft:set_count", 
              "count": {
                "type": "uniform", 
                "min": 1.0, 
                "max": 2.0
                }
              },
           {
              "function": "minecraft:looting_enchant", 
              "count": {
                "type": "uniform", 
                "min": 0.0, 
                "max": 2.0
              }
            }
          ]
        }
      ],
      "rolls": 1.0
    }
  ],
  "random_sequence": "minecraft:entities/warden"
}