{
  "type": "minecraft:entity",
  "pools": [
    {
      "bonus_rolls": 0.0,
      "entries": [
        {
          "type": "minecraft:item",
          "functions": [
            {
              "add": false,
              "count": {
                "type": "minecraft:uniform",
                "max": 1.0,
                "min": 0.0
              },
              "function": "minecraft:set_count"
            },
            {
              "count": {
                "type": "minecraft:uniform",
                "max": 1.0,
                "min": 0.0
              },
              "function": "minecraft:looting_enchant"
            }
          ],
          "name": "minecraft:rotten_flesh"
        }
      ],
      "rolls": 1.0
    },
    {
      "bonus_rolls": 0.0,
      "entries": [
        {
          "type": "minecraft:item",
          "functions": [
            {
              "add": false,
              "count": {
                "type": "minecraft:uniform",
                "max": 1.0,
                "min": 0.0
              },
              "function": "minecraft:set_count"
            },
            {
              "count": {
                "type": "minecraft:uniform",
                "max": 1.0,
                "min": 0.0
              },
              "function": "minecraft:looting_enchant"
            }
          ],
          "name": "minecraft:gold_nugget"
        }
      ],
      "rolls": 1.0
    },
    {
      "bonus_rolls": 0.0,
      "conditions": [
        {
          "condition": "minecraft:killed_by_player"
        },
        {
          "chance": 0.025,
          "condition": "minecraft:random_chance_with_looting",
          "looting_multiplier": 0.01
        }
      ],
      "entries": [
        {
          "type": "minecraft:item",
          "name": "minecraft:gold_ingot"
        }
      ],
      "rolls": 1.0
    },
    {
      "bonus_rolls": 0.0,
      "conditions": [
        {
          "condition": "entity_properties",
          "entity": "killer",
          "predicate": {
            "type":"minecraft:creeper"
          }
        }
      ],
        "rolls": 1.0,
        "entries": [
          {
            "type": "minecraft:item",
            "name": "minecraft:music_disc_pigstep"
          },
          {
            "type": "minecraft:empty"
          }
        ]
    }
  ],
  "random_sequence": "minecraft:entities/zombified_piglin"
}