{
  "type": "minecraft:archaeology",
  "pools": [
    {
      "bonus_rolls": 0.0,
      "entries": [
        {
          "type": "minecraft:item",
          "name": "minecraft:sculk_shrieker"
        },
        {
          "type": "minecraft:item",
          "name": "minecraft:sculk_sensor"
        },
        {
          "type": "minecraft:item",
          "name": "minecraft:sculk_catalyst"
        },
        {
            "type": "minecraft:item",
            "name": "minecraft:enchanted_book",
            "functions":[
              {
                "function":"minecraft:set_nbt",
                "tag": "{StoredEnchantments:[{id:\"minecraft:swift_sneak\",lvl:1s}]}"
              }
            ] 
        },
        {
            "type": "minecraft:item",
            "name": "minecraft:enchanted_book",
            "functions":[
              {
                "function":"minecraft:set_nbt",
                "tag": "{StoredEnchantments:[{id:\"minecraft:swift_sneak\",lvl:2s}]}"
              }
            ] 
        },
        {
            "type": "minecraft:item",
            "name": "minecraft:enchanted_book",
            "functions":[
              {
                "function":"minecraft:set_nbt",
                "tag": "{StoredEnchantments:[{id:\"minecraft:swift_sneak\",lvl:3s}]}"
              }
            ] 
        },
        {
          "type": "minecraft:item",
          "name": "minecraft:sculk",
          "weight": 2
        },
        {
          "type": "minecraft:item",
          "name": "minecraft:echo_shard"
        },
        {
          "type": "minecraft:item",
          "name": "minecraft:disc_fragment_5"
        },
        {
          "type": "minecraft:item",
          "name": "minecraft:silence_armor_trim_smithing_template"
        },
        {
          "type": "minecraft:item",
          "name": "minecraft:iron_hoe"
        },
        {
          "type": "minecraft:item",
          "name": "minecraft:diamond"
        },
        {
          "type": "minecraft:item",
          "name": "minecraft:emerald",
          "weight": 2
        },
        {
          "type": "minecraft:item",
          "name": "minecraft:glass_bottle",
          "weight": 2
        },
        {
          "type": "minecraft:item",
          "name": "minecraft:torch",
          "weight": 2
        },
        {
          "type": "minecraft:item",
          "name": "minecraft:coal",
          "weight": 2
        },
        {
          "type": "minecraft:item",
          "name": "minecraft:gold_nugget",
          "weight": 2
        },
        {
          "type": "minecraft:item",
          "name": "minecraft:iron_nugget",
          "weight": 2
        }
      ],
      "rolls": 1.0
    }
  ],
  "random_sequence": "minecraft:archaeology/deep_dark"
}