{
  "type": "minecraft:archaeology",
  "pools": [
    {
      "bonus_rolls": 0.0,
      "entries": [
        {
          "type": "minecraft:item",
          "name": "minecraft:small_dripleaf"
        },
        {
          "type": "minecraft:item",
          "name": "minecraft:big_dripleaf"
        },
        {
          "type": "minecraft:item",
          "name": "minecraft:sniffer_egg"
        },
        {
          "type": "minecraft:item",
          "name": "minecraft:iron_axe"
        },
        {
          "type": "minecraft:item",
          "name": "minecraft:emerald",
          "weight": 2
        },
        {
          "type": "minecraft:item",
          "name": "minecraft:bucket",
          "weight": 2
        },
        {
          "type": "minecraft:item",
          "name": "torchflower_seeds"
        },
        {
          "type": "minecraft:item",
          "name": "minecraft:pitcher_pod"
        },
        {
          "type": "minecraft:item",
          "name": "minecraft:glow_berries",
          "weight": 2
        },
        {
          "type": "minecraft:item",
          "name": "minecraft:seagrass"
        },
        {
          "type": "minecraft:item",
          "name": "minecraft:moss_block",
          "weight": 2
        },
        {
          "type": "minecraft:item",
          "name": "minecraft:moss_carpet",
          "weight": 2
        },
        {
          "type": "minecraft:item",
          "name": "minecraft:azalea",
          "weight": 2
        },
        {
          "type": "minecraft:item",
          "name": "minecraft:flowering_azalea",
          "weight": 2
        }
      ],
      "rolls": 1.0
    }
  ],
  "random_sequence": "minecraft:archaeology/lush_caves"
}