{
  "type": "minecraft:archaeology",
  "pools": [
    {
      "bonus_rolls": 0.0,
      "entries": [
        {
          "type": "minecraft:item",
          "name": "minecraft:ancient_debris"
        },
        {
          "type": "minecraft:item",
          "name": "minecraft:netherite_scrap"
        },
        {
          "type": "minecraft:item",
          "name": "minecraft:netherite_upgrade_smithing_template"
        },
        {
          "type": "minecraft:item",
          "name": "minecraft:golden_carrot"
        },
        {
          "type": "minecraft:item",
          "name": "minecraft:quartz",
          "weight": 2
        },
        {
          "type": "minecraft:item",
          "name": "minecraft:ghast_tear"
        },
        {
          "type": "minecraft:item",
          "name": "minecraft:chain",
          "weight": 2
        },
        {
          "type": "minecraft:item",
          "name": "minecraft:nether_wart",
          "weight": 2
        },
        {
          "type": "minecraft:item",
          "name": "minecraft:stick",
          "weight": 2
        },
        {
          "type": "minecraft:item",
          "name": "minecraft:magma_cream",
          "weight": 2
        },
        {
          "type": "minecraft:item",
          "name": "minecraft:blaze_powder",
          "weight": 2
        },
        {
          "type": "minecraft:item",
          "name": "minecraft:glowstone_dust",
          "weight": 2
        },
        {
          "type": "minecraft:item",
          "name": "minecraft:nether_brick",
          "weight": 2
        },
        {
          "type": "minecraft:item",
          "name": "minecraft:iron_ingot"
        },
        {
          "type": "minecraft:item",
          "name": "minecraft:gold_ingot"
        },
        {
          "type": "minecraft:item",
          "name": "minecraft:iron_nugget",
          "weight": 2
        },
        {
          "type": "minecraft:item",
          "name": "minecraft:gold_nugget",
          "weight": 2
        }
      ],
      "rolls": 1.0
    }
  ],
  "random_sequence": "minecraft:archaeology/the_nether"
}